acc_cell_type,f1_cell_type,dataset,n_cells,n_cell_types,model
0.7207324504852295,0.6615737080574036,HLCA,1,8,scDiff-LLM
0.7097158432006836,0.6656754016876221,HLCA,1,8,scDiff-LLM
0.7029904723167419,0.5984228253364563,HLCA,1,8,scDiff-Embedding
0.4609092473983764,0.4177141785621643,Brain,1,8,scDiff-LLM
0.5290403962135315,0.4229545593261719,Brain,1,8,scDiff-LLM
0.6912685632705688,0.5884078741073608,HLCA,1,8,scDiff-Embedding
0.4558912515640259,0.4116607308387756,Brain,1,8,scDiff-Embedding
0.4805995523929596,0.4150721430778503,Brain,1,8,scDiff-Embedding
0.6754690408706665,0.5506678819656372,Liver,1,8,scDiff-Embedding
0.7285825610160828,0.5944854021072388,Liver,1,8,scDiff-LLM
0.5242082476615906,0.5044668912887573,Immune,1,8,scDiff-LLM
0.6732513308525085,0.5165234804153442,Liver,1,8,scDiff-Embedding
0.4184658229351044,0.3837743997573852,Immune,1,8,scDiff-Embedding
0.3722250759601593,0.3315960764884949,Immune,1,8,scDiff-Embedding
0.7418770790100098,0.6325948238372803,Liver,1,8,scDiff-LLM
0.5141140818595886,0.483931690454483,Immune,1,8,scDiff-LLM
0.7507901787757874,0.6623643636703491,HLCA,1,8,scDiff-LLM
0.7147340178489685,0.6312063932418823,HLCA,1,8,scDiff-Embedding
0.4330723285675049,0.4018677771091461,Brain,1,8,scDiff-Embedding
0.487446516752243,0.4166997969150543,Brain,1,8,scDiff-LLM
0.3981789350509643,0.3957894444465637,Immune,1,8,scDiff-Embedding
0.5110301971435547,0.4767301082611084,Immune,1,8,scDiff-LLM
0.6629787087440491,0.5264857411384583,HLCA,1,8,scDiff-Embedding
0.7024195194244385,0.6026240587234497,HLCA,1,8,scDiff-Embedding
0.7408362627029419,0.6498050689697266,HLCA,1,8,scDiff-LLM
0.7161834239959717,0.6419543027877808,HLCA,1,8,scDiff-LLM
0.6781567335128784,0.4711851775646209,Liver,1,8,scDiff-Embedding
0.7468981146812439,0.6903473138809204,Liver,1,8,scDiff-LLM
0.4676697552204132,0.395681619644165,Brain,1,8,scDiff-Embedding
0.4446345269680023,0.4212826788425445,Brain,1,8,scDiff-LLM
0.5267998576164246,0.4269040524959564,Brain,1,8,scDiff-LLM
0.4314294457435608,0.4104668796062469,Brain,1,8,scDiff-Embedding
0.4295982122421264,0.3348236083984375,Immune,1,8,scDiff-Embedding
0.398520290851593,0.3448999524116516,Immune,1,8,scDiff-Embedding
0.7633109092712402,0.6164520978927612,Liver,1,8,scDiff-LLM
0.5220812559127808,0.4998903274536133,Immune,1,8,scDiff-LLM
0.5270757079124451,0.5015047788619995,Immune,1,8,scDiff-LLM
0.6941076517105103,0.5926826000213623,Liver,1,8,scDiff-Embedding
0.6768176555633545,0.555062472820282,Liver,1,8,scDiff-Embedding
0.7252711653709412,0.6037371158599854,Liver,1,8,scDiff-LLM
0.7200427055358887,0.6448440551757812,HLCA,1,7,scDiff-Embedding
0.7014766931533813,0.5754222273826599,HLCA,1,7,scDiff-Embedding
0.7671781778335571,0.6992859840393066,HLCA,1,7,scDiff-LLM
0.766704261302948,0.6736095547676086,HLCA,1,7,scDiff-LLM
0.4955469369888305,0.4515151083469391,Brain,1,7,scDiff-LLM
0.5053548812866211,0.4671725034713745,Brain,1,7,scDiff-LLM
0.4851593971252441,0.3823385536670685,Brain,1,7,scDiff-Embedding
0.4866753816604614,0.4197651743888855,Brain,1,7,scDiff-Embedding
0.4302177429199219,0.3650788962841034,Immune,1,7,scDiff-Embedding
0.4827038049697876,0.4011790454387665,Immune,1,7,scDiff-Embedding
0.6142230033874512,0.5310868620872498,Immune,1,7,scDiff-LLM
0.6285715699195862,0.5508691668510437,Immune,1,7,scDiff-LLM
0.749599277973175,0.6448089480400085,Liver,1,7,scDiff-Embedding
0.7005079984664917,0.5579652786254883,Liver,1,7,scDiff-LLM
0.7655540108680725,0.6097110509872437,Liver,1,7,scDiff-Embedding
0.7840008735656738,0.6399108171463013,Liver,1,7,scDiff-LLM
0.7608997821807861,0.6543784141540527,HLCA,1,7,scDiff-Embedding
0.7479860782623291,0.6177494525909424,HLCA,1,7,scDiff-Embedding
0.7696214914321899,0.6722369194030762,HLCA,1,7,scDiff-LLM
0.7844592928886414,0.7292783856391907,HLCA,1,7,scDiff-LLM
0.763373613357544,0.6623223423957825,HLCA,1,7,scDiff-LLM
0.7408448457717896,0.5921042561531067,HLCA,1,7,scDiff-Embedding
0.4931843280792236,0.4129864275455475,Brain,1,7,scDiff-Embedding
0.4465832412242889,0.4384795129299164,Brain,1,7,scDiff-LLM
0.4933215975761413,0.4751307368278503,Brain,1,7,scDiff-LLM
0.4723470807075501,0.4455403387546539,Brain,1,7,scDiff-LLM
0.5172065496444702,0.4553532898426056,Brain,1,7,scDiff-Embedding
0.4848764538764953,0.404714286327362,Brain,1,7,scDiff-Embedding
0.4406917691230774,0.3489226102828979,Immune,1,7,scDiff-Embedding
0.5928175449371338,0.4932236075401306,Immune,1,7,scDiff-LLM
0.6043206453323364,0.531606912612915,Immune,1,7,scDiff-LLM
0.4246710538864136,0.3341559767723083,Immune,1,7,scDiff-Embedding
0.4891409277915954,0.3063853681087494,Immune,1,7,scDiff-Embedding
0.6033559441566467,0.5122660994529724,Immune,1,7,scDiff-LLM
0.7708909511566162,0.6694315075874329,Liver,1,7,scDiff-Embedding
0.7389501333236694,0.6079490184783936,Liver,1,7,scDiff-Embedding
0.7576302886009216,0.6641534566879272,Liver,1,7,scDiff-Embedding
0.7565892338752747,0.6139611601829529,Liver,1,7,scDiff-LLM
0.7999893426895142,0.7169058322906494,Liver,1,7,scDiff-LLM
0.7895277738571167,0.6546017527580261,Liver,1,7,scDiff-LLM
0.7122569680213928,0.6059889197349548,HLCA,1,6,scDiff-Embedding
0.7149181962013245,0.608390748500824,HLCA,1,6,scDiff-Embedding
0.4547914564609528,0.3827541470527649,Brain,1,6,scDiff-Embedding
0.7705154418945312,0.6781246662139893,HLCA,1,6,scDiff-LLM
0.4764882028102875,0.4554298520088196,Brain,1,6,scDiff-LLM
0.5672462582588196,0.5250873565673828,Brain,1,6,scDiff-LLM
0.4813107848167419,0.4025028645992279,Brain,1,6,scDiff-Embedding
0.7652023434638977,0.6606324315071106,HLCA,1,6,scDiff-LLM
0.5238563418388367,0.4566818475723266,Immune,1,6,scDiff-Embedding
0.6341976523399353,0.595603346824646,Immune,1,6,scDiff-LLM
0.6297749280929565,0.6118730306625366,Immune,1,6,scDiff-LLM
0.4792406857013702,0.4402955174446106,Immune,1,6,scDiff-Embedding
0.8359934091567993,0.5946046113967896,Liver,1,6,scDiff-Embedding
0.8314726948738098,0.4824311435222626,Liver,1,6,scDiff-Embedding
0.8597796559333801,0.5983871817588806,Liver,1,6,scDiff-LLM
0.8374544978141785,0.5915576815605164,Liver,1,6,scDiff-LLM
0.7570042610168457,0.6510221362113953,HLCA,1,6,scDiff-LLM
0.7527646422386169,0.6864750981330872,HLCA,1,6,scDiff-LLM
0.7065914869308472,0.5895470976829529,HLCA,1,6,scDiff-Embedding
0.7129276990890503,0.5539228916168213,HLCA,1,6,scDiff-Embedding
0.7429012656211853,0.5467984676361084,HLCA,1,6,scDiff-Embedding
0.7646719813346863,0.6839107275009155,HLCA,1,6,scDiff-LLM
0.4794387817382813,0.4478128850460053,Brain,1,6,scDiff-LLM
0.5164965391159058,0.4643399715423584,Brain,1,6,scDiff-LLM
0.4903991222381592,0.4348839223384857,Brain,1,6,scDiff-Embedding
0.4862775802612304,0.4005082547664642,Brain,1,6,scDiff-Embedding
0.4500859081745148,0.3760669827461242,Brain,1,6,scDiff-Embedding
0.4974434375762939,0.4703471958637237,Brain,1,6,scDiff-LLM
0.5183125734329224,0.419267326593399,Immune,1,6,scDiff-Embedding
0.5093031525611877,0.3241939842700958,Immune,1,6,scDiff-Embedding
0.6369724869728088,0.5921671986579895,Immune,1,6,scDiff-LLM
0.5972133278846741,0.5853445529937744,Immune,1,6,scDiff-LLM
0.6148808598518372,0.5477806925773621,Immune,1,6,scDiff-LLM
0.8309630155563354,0.6314307451248169,Liver,1,6,scDiff-Embedding
0.8468669056892395,0.6471576690673828,Liver,1,6,scDiff-Embedding
0.8444873094558716,0.6439647674560547,Liver,1,6,scDiff-Embedding
0.854271650314331,0.5933922529220581,Liver,1,6,scDiff-LLM
0.7946750521659851,0.542254626750946,Liver,1,6,scDiff-LLM
0.5081291794776917,0.406965434551239,Immune,1,6,scDiff-Embedding
0.7885667085647583,0.5240001678466797,Liver,1,6,scDiff-LLM
0.6754263639450073,0.6155482530593872,HLCA,1,5,scDiff-Embedding
0.7717558145523071,0.727946400642395,HLCA,1,5,scDiff-LLM
0.5058662295341492,0.4688032865524292,Brain,1,5,scDiff-Embedding
0.5552642941474915,0.5295458436012268,Brain,1,5,scDiff-LLM
0.6312185525894165,0.4872713088989258,Immune,1,5,scDiff-Embedding
0.7933149337768555,0.7800322771072388,Immune,1,5,scDiff-LLM
0.8041496872901917,0.5862102508544922,Liver,1,5,scDiff-Embedding
0.8288981318473816,0.4779990911483764,Liver,1,5,scDiff-LLM
0.821599543094635,0.8079302906990051,HLCA,1,5,scDiff-LLM
0.7160592079162598,0.608940064907074,HLCA,1,5,scDiff-Embedding
0.5422951579093933,0.466228574514389,Brain,1,5,scDiff-Embedding
0.5278065800666809,0.5152068734169006,Brain,1,5,scDiff-LLM
0.6592997908592224,0.5364179611206055,Immune,1,5,scDiff-Embedding
0.7426880598068237,0.7151982188224792,Immune,1,5,scDiff-LLM
0.8324976563453674,0.5886521339416504,Liver,1,5,scDiff-Embedding
0.8327974677085876,0.5466549396514893,Liver,1,5,scDiff-LLM
0.8078853487968445,0.8104165196418762,HLCA,1,5,scDiff-LLM
0.8046244382858276,0.7395898103713989,HLCA,1,5,scDiff-Embedding
0.6502535343170166,0.6337453126907349,Brain,1,5,scDiff-LLM
0.4974336922168732,0.4563983678817749,Brain,1,5,scDiff-Embedding
0.6790627241134644,0.5118588805198669,HLCA,1,5,scDiff-Embedding
0.778339684009552,0.7712881565093994,HLCA,1,5,scDiff-LLM
0.5525469779968262,0.5282044410705566,Brain,1,5,scDiff-LLM
0.6475486159324646,0.5837863683700562,Immune,1,5,scDiff-Embedding
0.5878814458847046,0.5128726959228516,Brain,1,5,scDiff-Embedding
0.7421851754188538,0.7105611562728882,Immune,1,5,scDiff-LLM
0.7843134999275208,0.7412318587303162,HLCA,1,5,scDiff-Embedding
0.7839227914810181,0.7620242238044739,HLCA,1,5,scDiff-LLM
0.8198182582855225,0.4097389280796051,Liver,1,5,scDiff-Embedding
0.8322858214378357,0.5451627969741821,Liver,1,5,scDiff-LLM
0.7210479974746704,0.6743431687355042,Immune,1,5,scDiff-LLM
0.5633549690246582,0.5051952600479126,Brain,1,5,scDiff-LLM
0.5953003764152527,0.4298371374607086,Immune,1,5,scDiff-Embedding
0.5380419492721558,0.4752492308616638,Brain,1,5,scDiff-Embedding
0.8308889269828796,0.5082537531852722,Liver,1,5,scDiff-LLM
0.8213522434234619,0.495229423046112,Liver,1,5,scDiff-Embedding
0.8119289875030518,0.5025573968887329,Liver,1,5,scDiff-Embedding
0.6121761202812195,0.4606392383575439,Immune,1,5,scDiff-Embedding
0.8296375274658203,0.4845686554908752,Liver,1,5,scDiff-LLM
0.7518833875656128,0.7252814769744873,Immune,1,5,scDiff-LLM
0.7574790716171265,0.7129900455474854,HLCA,1,4,scDiff-LLM
0.7413590550422668,0.6012038588523865,HLCA,1,4,scDiff-Embedding
0.653092086315155,0.6141726970672607,Brain,1,4,scDiff-LLM
0.6434286832809448,0.6034891605377197,Brain,1,4,scDiff-Embedding
0.8097190260887146,0.804841160774231,HLCA,1,4,scDiff-LLM
0.7746288180351257,0.7456663250923157,HLCA,1,4,scDiff-LLM
0.7464388012886047,0.7388337850570679,Immune,1,4,scDiff-LLM
0.7641580104827881,0.6810654401779175,HLCA,1,4,scDiff-Embedding
0.6477030515670776,0.5468589067459106,HLCA,1,4,scDiff-Embedding
0.6361388564109802,0.6252102851867676,Immune,1,4,scDiff-Embedding
0.7500163912773132,0.6883952617645264,HLCA,1,4,scDiff-Embedding
0.7874428629875183,0.7665067911148071,HLCA,1,4,scDiff-LLM
0.6582570672035217,0.6535788178443909,Brain,1,4,scDiff-LLM
0.7192705273628235,0.679959774017334,Brain,1,4,scDiff-LLM
0.6328050494194031,0.5941339731216431,Brain,1,4,scDiff-Embedding
0.9542215466499328,0.9170264005661012,Liver,1,4,scDiff-LLM
0.7316544055938721,0.7217682600021362,Immune,1,4,scDiff-LLM
0.9045860171318054,0.7648564577102661,Liver,1,4,scDiff-Embedding
0.5942724943161011,0.5540626645088196,Brain,1,4,scDiff-Embedding
0.616649866104126,0.5953747034072876,Immune,1,4,scDiff-Embedding
0.6481751203536987,0.6310775876045227,Immune,1,4,scDiff-Embedding
0.597924530506134,0.5106026530265808,Brain,1,4,scDiff-Embedding
0.9487479329109192,0.9041548371315002,Liver,1,4,scDiff-LLM
0.9486517906188964,0.9195168018341064,Liver,1,4,scDiff-LLM
0.8297524452209473,0.8253458142280579,Immune,1,4,scDiff-LLM
0.9340181350708008,0.8880690932273865,Liver,1,4,scDiff-Embedding
0.6878803372383118,0.5542231202125549,HLCA,1,4,scDiff-Embedding
0.7789685726165771,0.7761271595954895,HLCA,1,4,scDiff-LLM
0.5965595245361328,0.561233401298523,Brain,1,4,scDiff-LLM
0.9368463158607484,0.8709169626235962,Liver,1,4,scDiff-Embedding
0.5642620325088501,0.5104057788848877,Brain,1,4,scDiff-Embedding
0.6488122940063477,0.6390578746795654,Brain,1,4,scDiff-LLM
0.7704399228096008,0.7693606019020081,Immune,1,4,scDiff-LLM
0.7202090620994568,0.6855504512786865,Immune,1,4,scDiff-Embedding
0.9525801539421082,0.91344952583313,Liver,1,4,scDiff-LLM
0.906207799911499,0.8425614237785339,Liver,1,4,scDiff-Embedding
0.9179364442825316,0.8653414249420166,Liver,1,4,scDiff-Embedding
0.6473973393440247,0.5990474224090576,Immune,1,4,scDiff-Embedding
0.95465487241745,0.9172120690345764,Liver,1,4,scDiff-LLM
0.7626473903656006,0.7620332837104797,Immune,1,4,scDiff-LLM
0.7346570491790771,0.7182393670082092,HLCA,1,3,scDiff-LLM
0.788762092590332,0.7592041492462158,HLCA,1,3,scDiff-LLM
0.7696414589881897,0.7607988715171814,HLCA,1,3,scDiff-LLM
0.787650465965271,0.7686604857444763,HLCA,1,3,scDiff-LLM
0.7763552665710449,0.7211151123046875,HLCA,1,3,scDiff-Embedding
0.6869581937789917,0.5953918695449829,HLCA,1,3,scDiff-Embedding
0.692585289478302,0.5737106800079346,HLCA,1,3,scDiff-Embedding
0.6857861876487732,0.6281698942184448,Brain,1,3,scDiff-LLM
0.6855853199958801,0.634046196937561,Brain,1,3,scDiff-LLM
0.6876870393753052,0.6293703317642212,Brain,1,3,scDiff-LLM
0.6434306502342224,0.595307469367981,Brain,1,3,scDiff-Embedding
0.7266675233840942,0.6030623912811279,Brain,1,3,scDiff-LLM
0.6221638321876526,0.5581858158111572,Brain,1,3,scDiff-Embedding
0.6362313032150269,0.5782458782196045,Brain,1,3,scDiff-Embedding
0.6288998126983643,0.5614187717437744,Brain,1,3,scDiff-Embedding
0.6286423802375793,0.5603189468383789,Brain,1,3,scDiff-Embedding
0.6765508651733398,0.636519193649292,Brain,1,3,scDiff-LLM
0.7814720869064331,0.7667568922042847,HLCA,1,3,scDiff-LLM
0.6891368627548218,0.5874596238136292,HLCA,1,3,scDiff-Embedding
0.7673141956329346,0.7325718402862549,HLCA,1,3,scDiff-Embedding
0.7796201705932617,0.747488260269165,Immune,1,3,scDiff-Embedding
0.900673508644104,0.8985097408294678,Immune,1,3,scDiff-LLM
0.9114776849746704,0.9116266965866088,Immune,1,3,scDiff-LLM
0.735384464263916,0.70782071352005,Immune,1,3,scDiff-Embedding
0.8056355118751526,0.7689831256866455,Immune,1,3,scDiff-Embedding
0.8654530644416809,0.8548052310943604,Immune,1,3,scDiff-LLM
0.8904201984405518,0.8881193399429321,Immune,1,3,scDiff-LLM
0.8998454809188843,0.8448625206947327,Liver,1,3,scDiff-Embedding
0.9300509095191956,0.901232123374939,Liver,1,3,scDiff-Embedding
0.943528652191162,0.9110045433044434,Liver,1,3,scDiff-Embedding
0.9545183181762696,0.923757553100586,Liver,1,3,scDiff-LLM
0.9465823173522948,0.9061121940612792,Liver,1,3,scDiff-LLM
0.9851073026657104,0.9820569753646852,Liver,1,3,scDiff-Embedding
0.9339425563812256,0.8744288682937622,Liver,1,3,scDiff-LLM
0.9399203658103944,0.8900065422058105,Liver,1,3,scDiff-LLM
0.765467643737793,0.7231127619743347,Immune,1,3,scDiff-Embedding
0.9540114402770996,0.9226768016815186,Liver,1,3,scDiff-Embedding
0.7894953489303589,0.7831302285194397,Immune,1,3,scDiff-Embedding
0.9460980892181396,0.9049832820892334,Liver,1,3,scDiff-LLM
0.8755617141723633,0.8646198511123657,Immune,1,3,scDiff-LLM
0.7830867171287537,0.6228721141815186,HLCA,1,2,scDiff-LLM
0.7501944899559021,0.7257444858551025,HLCA,1,2,scDiff-LLM
0.756569504737854,0.7424827814102173,HLCA,1,2,scDiff-LLM
0.7931880950927734,0.7666283845901489,HLCA,1,2,scDiff-Embedding
0.8122934103012085,0.6491603851318359,HLCA,1,2,scDiff-Embedding
0.7929301261901855,0.5757203102111816,HLCA,1,2,scDiff-Embedding
0.8034868240356445,0.6553006172180176,HLCA,1,2,scDiff-Embedding
0.7890568971633911,0.7225371599197388,HLCA,1,2,scDiff-Embedding
0.7803964614868164,0.5841619968414307,HLCA,1,2,scDiff-LLM
0.7555564641952515,0.7309650182723999,HLCA,1,2,scDiff-LLM
0.965588629245758,0.9582030773162842,Brain,1,2,scDiff-Embedding
0.9785491228103638,0.9746260643005372,Brain,1,2,scDiff-LLM
0.9959691166877748,0.9954527616500854,Brain,1,2,scDiff-LLM
0.9905059337615968,0.9890690445899964,Brain,1,2,scDiff-LLM
0.978641927242279,0.9746227264404296,Brain,1,2,scDiff-LLM
0.9291356801986694,0.9039585590362548,Brain,1,2,scDiff-Embedding
0.9634952545166016,0.9554080963134766,Brain,1,2,scDiff-Embedding
0.9663347601890564,0.9679598808288574,Brain,1,2,scDiff-Embedding
0.9771048426628112,0.9785050749778748,Brain,1,2,scDiff-Embedding
0.9946556091308594,0.9938580989837646,Brain,1,2,scDiff-LLM
0.8690240979194641,0.8487826585769653,Immune,1,2,scDiff-Embedding
0.8862127065658569,0.8441747426986694,Immune,1,2,scDiff-LLM
1.0,1.0,Liver,1,2,scDiff-Embedding
0.9990384578704834,0.9987483620643616,Liver,1,2,scDiff-LLM
0.731464684009552,0.7313508987426758,Immune,1,2,scDiff-Embedding
0.8702765703201294,0.8305647373199463,Immune,1,2,scDiff-Embedding
0.8681412935256958,0.8481714725494385,Immune,1,2,scDiff-Embedding
0.9045529365539552,0.8807498812675476,Immune,1,2,scDiff-LLM
0.8942971229553223,0.8905730247497559,Immune,1,2,scDiff-LLM
0.8427414894104004,0.776260256767273,Immune,1,2,scDiff-Embedding
0.8857408165931702,0.8538758754730225,Immune,1,2,scDiff-LLM
0.8950444459915161,0.8622844219207764,Immune,1,2,scDiff-LLM
0.9969419240951538,0.997501015663147,Liver,1,2,scDiff-Embedding
1.0,1.0,Liver,1,2,scDiff-Embedding
0.9969419240951538,0.997501015663147,Liver,1,2,scDiff-Embedding
0.9969419240951538,0.997501015663147,Liver,1,2,scDiff-Embedding
1.0,1.0,Liver,1,2,scDiff-LLM
0.9961758852005004,0.9949846267700196,Liver,1,2,scDiff-LLM
1.0,1.0,Liver,1,2,scDiff-LLM
1.0,1.0,Liver,1,2,scDiff-LLM
0.851212739944458,0.8464455008506775,HLCA,10,5,scDiff-LLM
0.8548976182937622,0.8482901453971863,HLCA,10,5,scDiff-Embedding
0.7700710296630859,0.7709247469902039,Brain,10,5,scDiff-LLM
0.7289931774139404,0.7400710582733154,Brain,10,5,scDiff-Embedding
0.9579912424087524,0.9508004188537598,Immune,10,5,scDiff-LLM
0.9226803779602052,0.9183428287506104,Immune,10,5,scDiff-Embedding
0.962815284729004,0.9656270146369934,Liver,10,5,scDiff-Embedding
0.9527438879013062,0.9570600986480712,Liver,10,5,scDiff-LLM
0.8623521327972412,0.8586951494216919,HLCA,10,5,scDiff-LLM
0.7613306045532227,0.7692661881446838,Brain,10,5,scDiff-LLM
0.8534742593765259,0.8458493947982788,HLCA,10,5,scDiff-Embedding
0.7397570610046387,0.7484760284423828,Brain,10,5,scDiff-Embedding
0.951306164264679,0.9377957582473756,Immune,10,5,scDiff-LLM
0.911917209625244,0.9020746350288392,Immune,10,5,scDiff-Embedding
0.9712876081466676,0.9696919322013856,Liver,10,5,scDiff-Embedding
0.9594604969024658,0.9636484384536744,Liver,10,5,scDiff-LLM
0.8519889712333679,0.8476503491401672,HLCA,10,5,scDiff-LLM
0.8576968908309937,0.853244960308075,HLCA,10,5,scDiff-Embedding
0.7773768305778503,0.7816821932792664,Brain,10,5,scDiff-LLM
0.729235053062439,0.7395962476730347,Brain,10,5,scDiff-Embedding
0.9472480416297911,0.9521993398666382,Liver,10,5,scDiff-LLM
0.9476096630096436,0.9344816207885742,Immune,10,5,scDiff-LLM
0.959548830986023,0.9635536670684814,Liver,10,5,scDiff-Embedding
0.917589545249939,0.9046069383621216,Immune,10,5,scDiff-Embedding
0.8542819023132324,0.8489140272140503,HLCA,10,5,scDiff-LLM
0.857917070388794,0.8512042760848999,HLCA,10,5,scDiff-Embedding
0.7540081739425659,0.7558848261833191,Brain,10,5,scDiff-Embedding
0.7841765284538269,0.7817515730857849,Brain,10,5,scDiff-LLM
0.9547187089920044,0.9478914737701416,Immune,10,5,scDiff-LLM
0.921975076198578,0.9125922918319702,Immune,10,5,scDiff-Embedding
0.9620625376701356,0.9644041061401368,Liver,10,5,scDiff-LLM
0.9593576788902284,0.9635246992111206,Liver,10,5,scDiff-Embedding
0.8550448417663574,0.8518933653831482,HLCA,10,5,scDiff-LLM
0.8559403419494629,0.8497382402420044,HLCA,10,5,scDiff-Embedding
0.7354795932769775,0.7437394857406616,Brain,10,5,scDiff-Embedding
0.7580709457397461,0.7663838863372803,Brain,10,5,scDiff-LLM
0.917382836341858,0.9139771461486816,Immune,10,5,scDiff-Embedding
0.9577236175537108,0.9504706859588624,Immune,10,5,scDiff-LLM
0.9730679988861084,0.9726898670196532,Liver,10,5,scDiff-Embedding
0.9634889960289,0.9667898416519164,Liver,10,5,scDiff-LLM
0.9051114916801452,0.8972840309143066,HLCA,9,5,scDiff-Embedding
0.9020930528640748,0.8995363712310791,HLCA,9,5,scDiff-LLM
0.693549633026123,0.7038697004318237,Brain,9,5,scDiff-Embedding
0.7909726500511169,0.7860463857650757,Brain,9,5,scDiff-LLM
0.9216092228889464,0.9165376424789428,Immune,9,5,scDiff-Embedding
0.9539709687232972,0.9483240842819214,Immune,9,5,scDiff-LLM
0.9751075506210328,0.9735113382339478,Liver,9,5,scDiff-Embedding
0.9607353806495668,0.9645084142684937,Liver,9,5,scDiff-LLM
0.9048112630844116,0.8963884115219116,HLCA,9,5,scDiff-LLM
0.7708021402359009,0.7516037225723267,Brain,9,5,scDiff-LLM
0.9041964411735536,0.8987671136856079,HLCA,9,5,scDiff-Embedding
0.669019877910614,0.6685320138931274,Brain,9,5,scDiff-Embedding
0.960034191608429,0.9524922966957092,Immune,9,5,scDiff-LLM
0.9718394875526428,0.9718276262283324,Liver,9,5,scDiff-Embedding
0.9191186428070068,0.9094587564468384,Immune,9,5,scDiff-Embedding
0.9621953964233398,0.9644781947135924,Liver,9,5,scDiff-LLM
0.8958979249000549,0.8902788162231445,HLCA,9,5,scDiff-LLM
0.899101734161377,0.8916391134262085,HLCA,9,5,scDiff-Embedding
0.6702344417572021,0.6764602661132812,Brain,9,5,scDiff-Embedding
0.7897531390190125,0.7788451313972473,Brain,9,5,scDiff-LLM
0.9684301614761353,0.9692872762680054,Liver,9,5,scDiff-Embedding
0.9147667288780212,0.9089898467063904,Immune,9,5,scDiff-Embedding
0.955194056034088,0.9464066028594972,Immune,9,5,scDiff-LLM
0.9757825136184692,0.9759963154792786,Liver,9,5,scDiff-LLM
0.897217869758606,0.8878127336502075,HLCA,9,5,scDiff-Embedding
0.9037550091743468,0.8990874290466309,HLCA,9,5,scDiff-LLM
0.690647304058075,0.6952794790267944,Brain,9,5,scDiff-Embedding
0.771943211555481,0.7587234973907471,Brain,9,5,scDiff-LLM
0.952421247959137,0.9383529424667358,Immune,9,5,scDiff-LLM
0.9054388999938964,0.902328372001648,Immune,9,5,scDiff-Embedding
0.97566419839859,0.9746958613395692,Liver,9,5,scDiff-Embedding
0.9566770792007446,0.9595934152603148,Liver,9,5,scDiff-LLM
0.9054335355758668,0.9016224145889282,HLCA,9,5,scDiff-LLM
0.9005743265151978,0.8906204700469971,HLCA,9,5,scDiff-Embedding
0.768928050994873,0.7481184005737305,Brain,9,5,scDiff-LLM
0.6654412746429443,0.6714162826538086,Brain,9,5,scDiff-Embedding
0.968798279762268,0.9689350724220276,Liver,9,5,scDiff-Embedding
0.9210424423217772,0.9164154529571532,Immune,9,5,scDiff-Embedding
0.9677833318710328,0.969591736793518,Liver,9,5,scDiff-LLM
0.9544233083724976,0.9499045610427856,Immune,9,5,scDiff-LLM
0.8843889236450195,0.8803169131278992,HLCA,8,5,scDiff-LLM
0.8828212022781372,0.8777474164962769,HLCA,8,5,scDiff-Embedding
0.822959303855896,0.8270043730735779,Brain,8,5,scDiff-LLM
0.785660445690155,0.7910698056221008,Brain,8,5,scDiff-Embedding
0.8930442333221436,0.8930858373641968,Immune,8,5,scDiff-Embedding
0.9368423223495485,0.9384949803352356,Immune,8,5,scDiff-LLM
0.9473199248313904,0.9538987278938292,Liver,8,5,scDiff-Embedding
0.9348418712615968,0.9400500059127808,Liver,8,5,scDiff-LLM
0.8888915777206421,0.8830509781837463,HLCA,8,5,scDiff-LLM
0.8842225074768066,0.8760577440261841,HLCA,8,5,scDiff-Embedding
0.8069223165512085,0.8067073822021484,Brain,8,5,scDiff-LLM
0.7758128046989441,0.7607619166374207,Brain,8,5,scDiff-Embedding
0.9357969760894777,0.9372832775115968,Immune,8,5,scDiff-LLM
0.8722827434539795,0.8666390776634216,Immune,8,5,scDiff-Embedding
0.9615881443023682,0.9664072394371032,Liver,8,5,scDiff-LLM
0.9663529396057128,0.968853235244751,Liver,8,5,scDiff-Embedding
0.8898776769638062,0.8874077200889587,HLCA,8,5,scDiff-LLM
0.883651077747345,0.8784471154212952,HLCA,8,5,scDiff-Embedding
0.7797948122024536,0.7850634455680847,Brain,8,5,scDiff-Embedding
0.7943853139877319,0.7814653515815735,Brain,8,5,scDiff-LLM
0.9568563103675842,0.9530620574951172,Immune,8,5,scDiff-LLM
0.8700832724571228,0.8674458265304565,Immune,8,5,scDiff-Embedding
0.963409185409546,0.9678090810775756,Liver,8,5,scDiff-Embedding
0.9684247970581056,0.971102237701416,Liver,8,5,scDiff-LLM
0.8758808374404907,0.8692730665206909,HLCA,8,5,scDiff-Embedding
0.8878524303436279,0.8841837048530579,HLCA,8,5,scDiff-LLM
0.7836209535598755,0.7946569919586182,Brain,8,5,scDiff-Embedding
0.8033601641654968,0.8052533864974976,Brain,8,5,scDiff-LLM
0.9409984946250916,0.9425427913665771,Immune,8,5,scDiff-LLM
0.8839197754859924,0.8805733919143677,Immune,8,5,scDiff-Embedding
0.9545607566833496,0.9587862491607666,Liver,8,5,scDiff-Embedding
0.9650684595108032,0.9685959219932556,Liver,8,5,scDiff-LLM
0.8877716064453125,0.8858875632286072,HLCA,8,5,scDiff-LLM
0.8814365863800049,0.8755006790161133,HLCA,8,5,scDiff-Embedding
0.7912248373031616,0.7975707650184631,Brain,8,5,scDiff-Embedding
0.8168076872825623,0.8173667788505554,Brain,8,5,scDiff-LLM
0.9685640931129456,0.97111976146698,Liver,8,5,scDiff-Embedding
0.8778793215751648,0.873558759689331,Immune,8,5,scDiff-Embedding
0.9631588459014891,0.967517912387848,Liver,8,5,scDiff-LLM
0.9602291584014891,0.9586268663406372,Immune,8,5,scDiff-LLM
0.9131165742874146,0.9115294218063354,HLCA,7,5,scDiff-LLM
0.909086525440216,0.9071117043495178,HLCA,7,5,scDiff-Embedding
0.778041422367096,0.6946902275085449,Brain,7,5,scDiff-LLM
0.6978181600570679,0.6469017267227173,Brain,7,5,scDiff-Embedding
0.9584808349609376,0.95409095287323,Immune,7,5,scDiff-LLM
0.9178183078765868,0.9188232421875,Immune,7,5,scDiff-Embedding
0.9656011462211608,0.96892249584198,Liver,7,5,scDiff-Embedding
0.9328030347824096,0.9437663555145264,Liver,7,5,scDiff-LLM
0.8940645456314087,0.8891781568527222,HLCA,7,5,scDiff-Embedding
0.901328444480896,0.900495707988739,HLCA,7,5,scDiff-LLM
0.7573003768920898,0.7216612100601196,Brain,7,5,scDiff-LLM
0.6898859739303589,0.6401171088218689,Brain,7,5,scDiff-Embedding
0.9153173565864564,0.912682056427002,Immune,7,5,scDiff-Embedding
0.961578369140625,0.9577071666717528,Immune,7,5,scDiff-LLM
0.9637215733528136,0.9683656692504884,Liver,7,5,scDiff-Embedding
0.957848310470581,0.961567521095276,Liver,7,5,scDiff-LLM
0.8885458707809448,0.8877828121185303,HLCA,7,5,scDiff-Embedding
0.9036540389060974,0.901647925376892,HLCA,7,5,scDiff-LLM
0.956150770187378,0.9542121887207032,Immune,7,5,scDiff-LLM
0.6501748561859131,0.5656466484069824,Brain,7,5,scDiff-Embedding
0.7814350128173828,0.7068343162536621,Brain,7,5,scDiff-LLM
0.9246938228607178,0.9250364899635316,Immune,7,5,scDiff-Embedding
0.9449563026428224,0.9538626074790956,Liver,7,5,scDiff-Embedding
0.9368934035301208,0.9476889371871948,Liver,7,5,scDiff-LLM
0.9014121294021606,0.899664044380188,HLCA,7,5,scDiff-LLM
0.8599359393119812,0.8567333221435547,HLCA,7,5,scDiff-Embedding
0.7594467401504517,0.719584047794342,Brain,7,5,scDiff-LLM
0.6972135305404663,0.6359553337097168,Brain,7,5,scDiff-Embedding
0.921234965324402,0.9211131930351256,Immune,7,5,scDiff-Embedding
0.9545317888259888,0.9544717669487,Immune,7,5,scDiff-LLM
0.9729639291763306,0.9728130102157592,Liver,7,5,scDiff-Embedding
0.9346072673797609,0.9447660446166992,Liver,7,5,scDiff-LLM
0.9040064811706544,0.9028343558311462,HLCA,7,5,scDiff-LLM
0.9136420488357544,0.9103665351867676,HLCA,7,5,scDiff-Embedding
0.7680329084396362,0.7390829920768738,Brain,7,5,scDiff-LLM
0.6490195989608765,0.6053870320320129,Brain,7,5,scDiff-Embedding
0.9637811183929444,0.9629977941513062,Immune,7,5,scDiff-LLM
0.9065370559692384,0.9062731862068176,Immune,7,5,scDiff-Embedding
0.9683853387832642,0.9701558351516724,Liver,7,5,scDiff-Embedding
0.9386155605316162,0.9468435645103456,Liver,7,5,scDiff-LLM
0.9069664478302002,0.8954665660858154,HLCA,6,5,scDiff-Embedding
0.9010987281799316,0.89466392993927,HLCA,6,5,scDiff-LLM
0.7175084948539734,0.7313570380210876,Brain,6,5,scDiff-Embedding
0.7839205265045166,0.780442476272583,Brain,6,5,scDiff-LLM
0.9593865871429444,0.9521149396896362,Immune,6,5,scDiff-LLM
0.8810591697692871,0.879830002784729,Immune,6,5,scDiff-Embedding
0.9164010286331176,0.9238468408584596,Liver,6,5,scDiff-Embedding
0.8977111577987671,0.8970590829849243,Liver,6,5,scDiff-LLM
0.8938700556755066,0.8855383396148682,HLCA,6,5,scDiff-Embedding
0.8879165649414062,0.8658802509307861,HLCA,6,5,scDiff-LLM
0.7820726037025452,0.7738601565361023,Brain,6,5,scDiff-LLM
0.7477114200592041,0.750464916229248,Brain,6,5,scDiff-Embedding
0.8719897270202637,0.8691561222076416,Immune,6,5,scDiff-Embedding
0.9475350975990297,0.94425630569458,Immune,6,5,scDiff-LLM
0.8831955790519714,0.868295431137085,Liver,6,5,scDiff-LLM
0.9255759716033936,0.9303049445152284,Liver,6,5,scDiff-Embedding
0.878513514995575,0.8697453737258911,HLCA,6,5,scDiff-Embedding
0.7977114915847778,0.7944899797439575,Brain,6,5,scDiff-LLM
0.8915293216705322,0.8809802532196045,HLCA,6,5,scDiff-LLM
0.7481611371040344,0.762482762336731,Brain,6,5,scDiff-Embedding
0.8745190501213074,0.872632622718811,Immune,6,5,scDiff-Embedding
0.953127920627594,0.9481114745140076,Immune,6,5,scDiff-LLM
0.8854740262031555,0.868431031703949,Liver,6,5,scDiff-LLM
0.9159109592437744,0.9241374731063844,Liver,6,5,scDiff-Embedding
0.8892807960510254,0.8779630064964294,HLCA,6,5,scDiff-LLM
0.8998773694038391,0.894257664680481,HLCA,6,5,scDiff-Embedding
0.7788242697715759,0.766553521156311,Brain,6,5,scDiff-LLM
0.7286629676818848,0.7332942485809326,Brain,6,5,scDiff-Embedding
0.8497326374053955,0.8457220196723938,Immune,6,5,scDiff-Embedding
0.94011127948761,0.9383887052536012,Immune,6,5,scDiff-LLM
0.9196525812149048,0.9263736009597778,Liver,6,5,scDiff-LLM
0.9387428760528564,0.9456855058670044,Liver,6,5,scDiff-Embedding
0.8909566402435303,0.8693103194236755,HLCA,6,5,scDiff-Embedding
0.8975796699523926,0.8931777477264404,HLCA,6,5,scDiff-LLM
0.7604776620864868,0.7658052444458008,Brain,6,5,scDiff-Embedding
0.7790918350219727,0.7711269855499268,Brain,6,5,scDiff-LLM
0.8900030255317688,0.8890640139579773,Immune,6,5,scDiff-Embedding
0.9583536386489868,0.953648328781128,Immune,6,5,scDiff-LLM
0.9327182173728944,0.9416205883026124,Liver,6,5,scDiff-Embedding
0.931746244430542,0.9361739158630372,Liver,6,5,scDiff-LLM
0.874713659286499,0.8694998621940613,HLCA,5,5,scDiff-LLM
0.8980441093444824,0.8931583166122437,HLCA,5,5,scDiff-Embedding
0.6902444362640381,0.6566981673240662,Brain,5,5,scDiff-Embedding
0.7664519548416138,0.7654683589935303,Brain,5,5,scDiff-LLM
0.941177487373352,0.9326274394989014,Immune,5,5,scDiff-LLM
0.8608845472335815,0.8581753969192505,Immune,5,5,scDiff-Embedding
0.8689357042312622,0.8533086180686951,Liver,5,5,scDiff-Embedding
0.8668280243873596,0.8510411977767944,Liver,5,5,scDiff-LLM
0.8739088773727417,0.8649085760116577,HLCA,5,5,scDiff-LLM
0.8623905777931213,0.8541753888130188,HLCA,5,5,scDiff-LLM
0.9050503373146056,0.8985997438430786,HLCA,5,5,scDiff-Embedding
0.8846200704574585,0.8743478059768677,HLCA,5,5,scDiff-Embedding
0.6946334838867188,0.6595103740692139,Brain,5,5,scDiff-Embedding
0.6903331875801086,0.672900915145874,Brain,5,5,scDiff-Embedding
0.7848259806632996,0.7962554693222046,Brain,5,5,scDiff-LLM
0.7995529174804688,0.8103060722351074,Brain,5,5,scDiff-LLM
0.9381276369094848,0.9323607683181764,Immune,5,5,scDiff-LLM
0.8412346243858337,0.8279023766517639,Immune,5,5,scDiff-Embedding
0.8722703456878662,0.8671790957450867,Immune,5,5,scDiff-Embedding
0.9056137800216676,0.8985011577606201,Immune,5,5,scDiff-LLM
0.8639471530914307,0.8363139629364014,Liver,5,5,scDiff-LLM
0.8694933652877808,0.8586428165435791,Liver,5,5,scDiff-LLM
0.8653973937034607,0.8452194929122925,Liver,5,5,scDiff-Embedding
0.8650186657905579,0.8460110425949097,Liver,5,5,scDiff-Embedding
0.8908080458641052,0.8856596946716309,HLCA,5,5,scDiff-Embedding
0.8790783882141113,0.8743289113044739,HLCA,5,5,scDiff-LLM
0.7725323438644409,0.7585400342941284,Brain,5,5,scDiff-LLM
0.7070088386535645,0.6709563732147217,Brain,5,5,scDiff-Embedding
0.8596635460853577,0.838660478591919,Liver,5,5,scDiff-Embedding
0.876372218132019,0.8651695251464844,Immune,5,5,scDiff-Embedding
0.8712175488471985,0.8621872067451477,Liver,5,5,scDiff-LLM
0.9500789642333984,0.9435269832611084,Immune,5,5,scDiff-LLM
0.8679803609848022,0.8632234334945679,HLCA,5,5,scDiff-LLM
0.8943357467651367,0.8878275156021118,HLCA,5,5,scDiff-Embedding
0.704923689365387,0.6949180364608765,Brain,5,5,scDiff-Embedding
0.9132545590400696,0.9077913761138916,Immune,5,5,scDiff-LLM
0.7867131233215332,0.7953739762306213,Brain,5,5,scDiff-LLM
0.8758405447006226,0.8733770251274109,Immune,5,5,scDiff-Embedding
0.8559128046035767,0.8121759295463562,Liver,5,5,scDiff-Embedding
0.8655259609222412,0.8501524925231934,Liver,5,5,scDiff-LLM
0.8834356665611267,0.881900429725647,HLCA,4,5,scDiff-LLM
0.8200727701187134,0.8176701068878174,Brain,4,5,scDiff-LLM
0.9053799510002136,0.8995738625526428,HLCA,4,5,scDiff-Embedding
0.751587450504303,0.7503571510314941,Brain,4,5,scDiff-Embedding
0.8739113807678223,0.8570320010185242,Immune,4,5,scDiff-LLM
0.8017224073410034,0.760833203792572,Immune,4,5,scDiff-Embedding
0.8942709565162659,0.8890619874000549,Liver,4,5,scDiff-Embedding
0.9349799156188964,0.9358558654785156,Liver,4,5,scDiff-LLM
0.8821926712989807,0.8779652118682861,HLCA,4,5,scDiff-LLM
0.8687011003494263,0.85957270860672,HLCA,4,5,scDiff-LLM
0.9002094268798828,0.8984891176223755,HLCA,4,5,scDiff-Embedding
0.9039900898933412,0.9012013673782348,HLCA,4,5,scDiff-Embedding
0.8046697378158569,0.8017345666885376,Brain,4,5,scDiff-LLM
0.6902971863746643,0.700913667678833,Brain,4,5,scDiff-Embedding
0.7428467869758606,0.7523565888404846,Brain,4,5,scDiff-Embedding
0.7785845398902893,0.7859166860580444,Brain,4,5,scDiff-LLM
0.9120556712150574,0.9143726825714112,Liver,4,5,scDiff-Embedding
0.8613519668579102,0.8347952365875244,Immune,4,5,scDiff-LLM
0.921779215335846,0.9266254901885986,Liver,4,5,scDiff-Embedding
0.7736928462982178,0.7323819398880005,Immune,4,5,scDiff-Embedding
0.9349077939987184,0.9302862286567688,Liver,4,5,scDiff-LLM
0.9461073279380798,0.9418270587921144,Liver,4,5,scDiff-LLM
0.858491837978363,0.827899694442749,Immune,4,5,scDiff-LLM
0.7741423845291138,0.7265598177909851,Immune,4,5,scDiff-Embedding
0.9087761640548706,0.9052425026893616,HLCA,4,5,scDiff-Embedding
0.8720329999923706,0.8679764270782471,HLCA,4,5,scDiff-LLM
0.8119718432426453,0.8084985017776489,Brain,4,5,scDiff-LLM
0.7050533890724182,0.7270674705505371,Brain,4,5,scDiff-Embedding
0.7936515808105469,0.7549084424972534,Immune,4,5,scDiff-Embedding
0.8516874313354492,0.8361597657203674,Immune,4,5,scDiff-LLM
0.9276665449142456,0.9320224523544312,Liver,4,5,scDiff-Embedding
0.951358675956726,0.9438544511795044,Liver,4,5,scDiff-LLM
0.8735479116439819,0.8689017295837402,HLCA,4,5,scDiff-LLM
0.9133807420730592,0.909787654876709,HLCA,4,5,scDiff-Embedding
0.7982046604156494,0.8024514317512512,Brain,4,5,scDiff-LLM
0.7283295392990112,0.7473936080932617,Brain,4,5,scDiff-Embedding
0.7785865068435669,0.7437125444412231,Immune,4,5,scDiff-Embedding
0.8517793416976929,0.8225748538970947,Immune,4,5,scDiff-LLM
0.9255992770195008,0.9315012097358704,Liver,4,5,scDiff-Embedding
0.9421266317367554,0.940733015537262,Liver,4,5,scDiff-LLM
0.8001281023025513,0.764370322227478,HLCA,3,5,scDiff-LLM
0.8062639832496643,0.7774272561073303,HLCA,3,5,scDiff-Embedding
0.8345168828964233,0.7548072338104248,Brain,3,5,scDiff-LLM
0.706879198551178,0.6328487992286682,Brain,3,5,scDiff-Embedding
0.9066731929779052,0.8945081233978271,Immune,3,5,scDiff-LLM
0.9633720517158508,0.9577338695526124,Liver,3,5,scDiff-Embedding
0.7630309462547302,0.7536494731903076,Immune,3,5,scDiff-Embedding
0.9626922607421876,0.9585928320884703,Liver,3,5,scDiff-LLM
0.7771123647689819,0.7290647625923157,HLCA,3,5,scDiff-LLM
0.7567653059959412,0.724666953086853,HLCA,3,5,scDiff-Embedding
0.8312751054763794,0.7857877016067505,Brain,3,5,scDiff-LLM
0.7235180139541626,0.6286094784736633,Brain,3,5,scDiff-Embedding
0.9042210578918456,0.8890087604522705,Immune,3,5,scDiff-LLM
0.7307719588279724,0.7084447145462036,Immune,3,5,scDiff-Embedding
0.9354097843170166,0.936111867427826,Liver,3,5,scDiff-Embedding
0.951008677482605,0.9508671760559082,Liver,3,5,scDiff-LLM
0.741111695766449,0.7127920985221863,HLCA,3,5,scDiff-Embedding
0.7889333963394165,0.7609527707099915,HLCA,3,5,scDiff-LLM
0.8188253045082092,0.7429458498954773,Brain,3,5,scDiff-LLM
0.7027994394302368,0.6302294731140137,Brain,3,5,scDiff-Embedding
0.6991105079650879,0.6915878057479858,Immune,3,5,scDiff-Embedding
0.9020653367042542,0.8832890391349792,Immune,3,5,scDiff-LLM
0.9338786005973816,0.9347469806671144,Liver,3,5,scDiff-Embedding
0.9439842700958252,0.94199937582016,Liver,3,5,scDiff-LLM
0.7977826595306396,0.7579936385154724,HLCA,3,5,scDiff-Embedding
0.7373817563056946,0.712557315826416,HLCA,3,5,scDiff-LLM
0.839134931564331,0.7654709815979004,Brain,3,5,scDiff-LLM
0.7292976975440979,0.6656268239021301,Brain,3,5,scDiff-Embedding
0.889524519443512,0.8817327618598938,Immune,3,5,scDiff-LLM
0.7426409721374512,0.7325344085693359,Immune,3,5,scDiff-Embedding
0.9731695055961608,0.9620527029037476,Liver,3,5,scDiff-Embedding
0.9651899337768556,0.9592186212539672,Liver,3,5,scDiff-LLM
0.79582679271698,0.7834654450416565,HLCA,2,5,scDiff-LLM
0.8083288073539734,0.7901359796524048,HLCA,2,5,scDiff-LLM
0.8044867515563965,0.8025015592575073,HLCA,2,5,scDiff-Embedding
0.8039652109146118,0.7999160885810852,HLCA,2,5,scDiff-Embedding
0.659592866897583,0.6237664222717285,Brain,2,5,scDiff-LLM
0.5806073546409607,0.5036611557006836,Brain,2,5,scDiff-Embedding
0.5825866460800171,0.4945890307426452,Brain,2,5,scDiff-Embedding
0.7679043412208557,0.7671729326248169,Immune,2,5,scDiff-Embedding
0.6627322435379028,0.6048639416694641,Brain,2,5,scDiff-LLM
0.7512713074684143,0.7356569766998291,Immune,2,5,scDiff-Embedding
0.8659346699714661,0.8613736629486084,Immune,2,5,scDiff-LLM
0.8396251797676086,0.8362289667129517,Immune,2,5,scDiff-LLM
0.8229097127914429,0.800658106803894,Liver,2,5,scDiff-Embedding
0.8458702564239502,0.8347395062446594,Liver,2,5,scDiff-Embedding
0.8434228897094727,0.8282968997955322,Liver,2,5,scDiff-LLM
0.8310419321060181,0.8045387268066406,Liver,2,5,scDiff-LLM
0.8013887405395508,0.7952771186828613,HLCA,2,5,scDiff-LLM
0.7072655558586121,0.6699950098991394,Brain,2,5,scDiff-LLM
0.5764179825782776,0.5277723073959351,Brain,2,5,scDiff-Embedding
0.7994037866592407,0.7833846211433411,HLCA,2,5,scDiff-LLM
0.6898552179336548,0.6258643269538879,Brain,2,5,scDiff-LLM
0.8162357807159424,0.8103733062744141,HLCA,2,5,scDiff-Embedding
0.7807703018188477,0.7666851282119751,HLCA,2,5,scDiff-Embedding
0.5784286856651306,0.5132821202278137,Brain,2,5,scDiff-Embedding
0.7934111952781677,0.781170129776001,HLCA,2,5,scDiff-Embedding
0.7983502149581909,0.7792601585388184,HLCA,2,5,scDiff-LLM
0.7417139410972595,0.7098560333251953,Immune,2,5,scDiff-Embedding
0.8535251617431641,0.8613742589950562,Liver,2,5,scDiff-Embedding
0.8594188690185547,0.8540371656417847,Liver,2,5,scDiff-Embedding
0.7466753721237183,0.7490718364715576,Immune,2,5,scDiff-Embedding
0.8485314249992371,0.8405295014381409,Immune,2,5,scDiff-LLM
0.8662533760070801,0.8581961989402771,Immune,2,5,scDiff-LLM
0.6852642297744751,0.6751946806907654,Brain,2,5,scDiff-LLM
0.593801736831665,0.5571041703224182,Brain,2,5,scDiff-Embedding
0.8196871280670166,0.7850509285926819,Liver,2,5,scDiff-LLM
0.8318988084793091,0.8044370412826538,Liver,2,5,scDiff-LLM
0.7593297362327576,0.7477642297744751,Immune,2,5,scDiff-Embedding
0.8312973976135254,0.8296501636505127,Immune,2,5,scDiff-LLM
0.875939667224884,0.8803995251655579,Liver,2,5,scDiff-Embedding
0.8335913419723511,0.8113322854042053,Liver,2,5,scDiff-LLM
0.6316661896075156,0.5630563116238629,Brain,1,2,CellTypist
0.6316661896075156,0.5630563116238629,Brain,1,2,CellTypist
0.6316661896075156,0.5630563116238629,Brain,1,2,CellTypist
0.6316661896075156,0.5630563116238629,Brain,1,2,CellTypist
0.6285190232676701,0.5582294795546315,Brain,1,2,CellTypist
0.6316661896075156,0.5630563116238629,Brain,1,2,CellTypist
0.6316661896075156,0.5630563116238629,Brain,1,2,CellTypist
0.6285190232676701,0.5582294795546315,Brain,1,2,CellTypist
0.6316661896075156,0.5630563116238629,Brain,1,2,CellTypist
0.6285190232676701,0.5582294795546315,Brain,1,2,CellTypist
0.6098053667340535,0.5582637695547311,Brain,1,3,CellTypist
0.5714893312010451,0.4723584656299014,Brain,1,3,CellTypist
0.5516821200603611,0.4573614203635738,Brain,1,3,CellTypist
0.6026902764300693,0.5845793340878258,Brain,1,3,CellTypist
0.4386509052019384,0.3338401864202489,Brain,1,3,CellTypist
0.5527705539139157,0.4574893255261305,Brain,1,3,CellTypist
0.5281163811325255,0.446577191518895,Brain,1,3,CellTypist
0.5861944511306855,0.5715249917730729,Brain,1,3,CellTypist
0.4117219534052967,0.2968037023488661,Brain,1,3,CellTypist
0.5052132359468106,0.4125702733350119,Brain,1,3,CellTypist
0.5181250487516122,0.4870717018933289,Brain,1,4,CellTypist
0.6350802472240633,0.578887222266102,Brain,1,4,CellTypist
0.5573024934050754,0.5182703205918744,Brain,1,4,CellTypist
0.5666940101819689,0.5168872114482269,Brain,1,4,CellTypist
0.6209121464050295,0.5611406841353963,Brain,1,4,CellTypist
0.6207129089404079,0.5570907635589674,Brain,1,4,CellTypist
0.6158099043207038,0.5628062839693762,Brain,1,4,CellTypist
0.6123483712045512,0.5643854441336601,Brain,1,4,CellTypist
0.4898658074652058,0.4505529770468574,Brain,1,4,CellTypist
0.6070605662587607,0.5559317828131604,Brain,1,4,CellTypist
0.4618210317210788,0.4290277659376316,Brain,1,5,CellTypist
0.4499935476106591,0.408574109683051,Brain,1,5,CellTypist
0.5011186824619226,0.4923338461822625,Brain,1,5,CellTypist
0.5039422393273375,0.465870254858839,Brain,1,5,CellTypist
0.4176797297341298,0.3907523675049377,Brain,1,5,CellTypist
0.4584828457750693,0.4466027346317961,Brain,1,5,CellTypist
0.4753192283735978,0.4478737218405101,Brain,1,5,CellTypist
0.4750476806415553,0.4572077585556597,Brain,1,5,CellTypist
0.4157367089992586,0.3873431696381643,Brain,1,5,CellTypist
0.5696678950564272,0.5475638034355568,Brain,1,5,CellTypist
0.4162783341877532,0.3917478802286046,Brain,1,6,CellTypist
0.3665176878214454,0.3589363491894767,Brain,1,6,CellTypist
0.3768466428717794,0.3490780895805316,Brain,1,6,CellTypist
0.4796485340256209,0.4610275722527353,Brain,1,6,CellTypist
0.4174835957688258,0.3943842104390182,Brain,1,6,CellTypist
0.3345510874146091,0.3094473998696384,Brain,1,6,CellTypist
0.4127708523698193,0.3995625241299981,Brain,1,6,CellTypist
0.388330442299942,0.3716684467042235,Brain,1,6,CellTypist
0.4015856210212595,0.3761891631471124,Brain,1,6,CellTypist
0.4458007542086771,0.4261328606737138,Brain,1,6,CellTypist
0.3475066625207491,0.3290114958213825,Brain,1,7,CellTypist
0.3461336399958484,0.3232687614154295,Brain,1,7,CellTypist
0.4682483602999328,0.4638254314044523,Brain,1,7,CellTypist
0.3798901085676329,0.3711372739179252,Brain,1,7,CellTypist
0.3999322830515055,0.3824856695580524,Brain,1,7,CellTypist
0.3982430263006291,0.3878069308255278,Brain,1,7,CellTypist
0.4553821154216142,0.4523946520629484,Brain,1,7,CellTypist
0.5151792774217644,0.4904912339690311,Brain,1,7,CellTypist
0.343153409342136,0.3466648669883549,Brain,1,7,CellTypist
0.437504447088845,0.4255675755585123,Brain,1,7,CellTypist
0.4596480042608857,0.3717800370440632,Brain,1,8,CellTypist
0.5472683636556936,0.4572186531473007,Brain,1,8,CellTypist
0.4480286753509857,0.3608695261911404,Brain,1,8,CellTypist
0.4906415437744707,0.393466732780466,Brain,1,8,CellTypist
0.3626243675839163,0.3009009707314071,Brain,1,8,CellTypist
0.3304462509582671,0.3180551339738837,Brain,1,8,CellTypist
0.5131866877992488,0.4396226940474979,Brain,1,8,CellTypist
0.339503726806909,0.2939847597324215,Brain,1,8,CellTypist
0.3281422891626138,0.3161732863709422,Brain,1,8,CellTypist
0.4453740449246965,0.3672960798465687,Brain,1,8,CellTypist
0.786530309767304,0.7416539360172538,Liver,1,2,CellTypist
0.786530309767304,0.7416539360172538,Liver,1,2,CellTypist
0.786530309767304,0.7416539360172538,Liver,1,2,CellTypist
0.786530309767304,0.7416539360172538,Liver,1,2,CellTypist
0.7813250333481547,0.7344480402732829,Liver,1,2,CellTypist
0.786530309767304,0.7416539360172538,Liver,1,2,CellTypist
0.786530309767304,0.7416539360172538,Liver,1,2,CellTypist
0.7813250333481547,0.7344480402732829,Liver,1,2,CellTypist
0.786530309767304,0.7416539360172538,Liver,1,2,CellTypist
0.7813250333481547,0.7344480402732829,Liver,1,2,CellTypist
0.4159260906081716,0.2788102473511037,Liver,1,3,CellTypist
0.639948789745438,0.4966399157196228,Liver,1,3,CellTypist
0.7898107872083836,0.7589648724038808,Liver,1,3,CellTypist
0.3387204189516328,0.1436152921416762,Liver,1,3,CellTypist
0.83163834072804,0.8159276742845876,Liver,1,3,CellTypist
0.3333333333333333,0.1323809523809523,Liver,1,3,CellTypist
0.3333333333333333,0.1323809523809523,Liver,1,3,CellTypist
0.7496708973417087,0.7222724967496972,Liver,1,3,CellTypist
0.5982116005728099,0.4304155157820803,Liver,1,3,CellTypist
0.4354587223951385,0.3209073652619371,Liver,1,3,CellTypist
0.7315830409443629,0.7257968574038139,Liver,1,4,CellTypist
0.7500938411655084,0.7316527488970591,Liver,1,4,CellTypist
0.6434270458694253,0.5568592547779987,Liver,1,4,CellTypist
0.7119491351777334,0.7038422569728636,Liver,1,4,CellTypist
0.703688431168827,0.6971750185178529,Liver,1,4,CellTypist
0.7829147612675151,0.7689166366794788,Liver,1,4,CellTypist
0.7640295978176568,0.7727337406382353,Liver,1,4,CellTypist
0.594553137156062,0.5566729926786882,Liver,1,4,CellTypist
0.7009961733490997,0.6835767014132602,Liver,1,4,CellTypist
0.7356344310551526,0.7280109205902694,Liver,1,4,CellTypist
0.7032435803697041,0.6750873427886835,Liver,1,5,CellTypist
0.6684229389737644,0.6399549973586264,Liver,1,5,CellTypist
0.2669967379553027,0.1690224680644342,Liver,1,5,CellTypist
0.651381518614546,0.6218587731847818,Liver,1,5,CellTypist
0.7061553838760017,0.6995254922327925,Liver,1,5,CellTypist
0.6599216172019073,0.6533485300687093,Liver,1,5,CellTypist
0.6742404160455708,0.6600223155487572,Liver,1,5,CellTypist
0.6156659257855239,0.5539921580360861,Liver,1,5,CellTypist
0.7471226824856283,0.7237066703808346,Liver,1,5,CellTypist
0.7726582581360771,0.7513797302486868,Liver,1,5,CellTypist
0.6640257891451808,0.6391715067530536,Liver,1,6,CellTypist
0.7199658796638472,0.7177409615022228,Liver,1,6,CellTypist
0.5986530448744661,0.5568791831034564,Liver,1,6,CellTypist
0.7941450929850532,0.7906227651702786,Liver,1,6,CellTypist
0.7195164459637383,0.7218948645457431,Liver,1,6,CellTypist
0.6693512844209608,0.6137321087144519,Liver,1,6,CellTypist
0.6919462480119748,0.6618015257432636,Liver,1,6,CellTypist
0.625442651636524,0.6172795484811576,Liver,1,6,CellTypist
0.647837231090341,0.616474560950608,Liver,1,6,CellTypist
0.6027102188661236,0.5759169260265643,Liver,1,6,CellTypist
0.738167656321651,0.6990546168318801,Liver,1,7,CellTypist
0.5840751493869859,0.528926631510197,Liver,1,7,CellTypist
0.5480180422433543,0.4722314195559606,Liver,1,7,CellTypist
0.7302272272478929,0.6931763367945188,Liver,1,7,CellTypist
0.5598297450267063,0.4872554568171357,Liver,1,7,CellTypist
0.6447752280680439,0.5940075342677609,Liver,1,7,CellTypist
0.6220903955746745,0.5419108982544969,Liver,1,7,CellTypist
0.489051674547431,0.3757355557289147,Liver,1,7,CellTypist
0.5704061920870566,0.4873042733766498,Liver,1,7,CellTypist
0.7249333577376367,0.6821676055785665,Liver,1,7,CellTypist
0.6588510796630149,0.6236104854121202,Liver,1,8,CellTypist
0.6031947472399931,0.5665738625145655,Liver,1,8,CellTypist
0.6061711015370592,0.5669532613839126,Liver,1,8,CellTypist
0.6570454138594035,0.5988553508287484,Liver,1,8,CellTypist
0.5877504770665221,0.5462111591412534,Liver,1,8,CellTypist
0.5556338213805253,0.5120127855455162,Liver,1,8,CellTypist
0.6269862650342894,0.5901906571987705,Liver,1,8,CellTypist
0.6136978426075849,0.5827517841612255,Liver,1,8,CellTypist
0.6313801942209244,0.602619548055691,Liver,1,8,CellTypist
0.7736661796979103,0.7372234295991366,Liver,1,8,CellTypist
0.5026957701319522,0.3333925806738294,HLCA,1,2,CellTypist
0.5026957701319522,0.3333925806738294,HLCA,1,2,CellTypist
0.5027598964113947,0.332527773094288,HLCA,1,2,CellTypist
0.5026957701319522,0.3333925806738294,HLCA,1,2,CellTypist
0.5027598964113947,0.332527773094288,HLCA,1,2,CellTypist
0.5027598964113947,0.332527773094288,HLCA,1,2,CellTypist
0.5026957701319522,0.3333925806738294,HLCA,1,2,CellTypist
0.5027598964113947,0.332527773094288,HLCA,1,2,CellTypist
0.5027598964113947,0.332527773094288,HLCA,1,2,CellTypist
0.5027598964113947,0.332527773094288,HLCA,1,2,CellTypist
0.3577404569642475,0.2121969271584955,HLCA,1,3,CellTypist
0.4170441980451753,0.3131891009940217,HLCA,1,3,CellTypist
0.4888939835988364,0.4052675687541322,HLCA,1,3,CellTypist
0.7101380915020145,0.7051101548000935,HLCA,1,3,CellTypist
0.3827943381967076,0.2731656993604174,HLCA,1,3,CellTypist
0.4192771132038386,0.3378272181539892,HLCA,1,3,CellTypist
0.651416119915077,0.5944565045919131,HLCA,1,3,CellTypist
0.719335475159006,0.7042508574150129,HLCA,1,3,CellTypist
0.3743053511325387,0.2621049731559465,HLCA,1,3,CellTypist
0.3781997444914688,0.285974546477631,HLCA,1,3,CellTypist
0.6853391299193685,0.6858344567359801,HLCA,1,4,CellTypist
0.6759494388308662,0.6700850330589105,HLCA,1,4,CellTypist
0.7137715755246246,0.7165238757942041,HLCA,1,4,CellTypist
0.5913210538647876,0.551106339161046,HLCA,1,4,CellTypist
0.6446113234030685,0.6355525654011985,HLCA,1,4,CellTypist
0.5383455925408949,0.5326568013965709,HLCA,1,4,CellTypist
0.6929361486805395,0.6838319316258318,HLCA,1,4,CellTypist
0.7178645659548832,0.7184155330032901,HLCA,1,4,CellTypist
0.7175454911721625,0.7162011358492024,HLCA,1,4,CellTypist
0.5816073243450495,0.5618579117537,HLCA,1,4,CellTypist
0.6165299709785497,0.5950551986600614,HLCA,1,5,CellTypist
0.6204823563704088,0.6175135199718389,HLCA,1,5,CellTypist
0.5879791254093043,0.561432974164742,HLCA,1,5,CellTypist
0.6303907294004862,0.5946268508533413,HLCA,1,5,CellTypist
0.5469523646078421,0.5194214277216999,HLCA,1,5,CellTypist
0.5291150821139922,0.5031649667765145,HLCA,1,5,CellTypist
0.6741211495614222,0.6890953762519295,HLCA,1,5,CellTypist
0.580957810393115,0.5369382568084523,HLCA,1,5,CellTypist
0.7025756961069609,0.708495067453201,HLCA,1,5,CellTypist
0.6132237359149697,0.6053450215508392,HLCA,1,5,CellTypist
0.5087606728904286,0.4996093807674406,HLCA,1,6,CellTypist
0.4681745234771843,0.5046867540325823,HLCA,1,6,CellTypist
0.6834260067429473,0.6754807011325986,HLCA,1,6,CellTypist
0.6804215814543063,0.678832487202362,HLCA,1,6,CellTypist
0.6267931133303483,0.6348132099097091,HLCA,1,6,CellTypist
0.6221541530785092,0.6287009960253566,HLCA,1,6,CellTypist
0.478769682510596,0.5037906540413726,HLCA,1,6,CellTypist
0.5675950075047494,0.5711614395832099,HLCA,1,6,CellTypist
0.6605604468420069,0.6224136970266568,HLCA,1,6,CellTypist
0.6151127219271936,0.6457138003422686,HLCA,1,6,CellTypist
0.6492186494084949,0.6235879213906058,HLCA,1,7,CellTypist
0.7370026955652133,0.7527846270200568,HLCA,1,7,CellTypist
0.6337456008425109,0.6193625581253341,HLCA,1,7,CellTypist
0.6596311034389922,0.6793971858561881,HLCA,1,7,CellTypist
0.6025320624350622,0.6206634414342742,HLCA,1,7,CellTypist
0.6967834492442331,0.7189936393795986,HLCA,1,7,CellTypist
0.618883133959784,0.6223417405571693,HLCA,1,7,CellTypist
0.6738970054912199,0.6793374481048977,HLCA,1,7,CellTypist
0.6467199020857242,0.6601208014557768,HLCA,1,7,CellTypist
0.6532724551738599,0.663717935768128,HLCA,1,7,CellTypist
0.6714514838048005,0.662507819420598,HLCA,1,8,CellTypist
0.5962173261379357,0.5939489735036794,HLCA,1,8,CellTypist
0.5737009812558519,0.560042742183646,HLCA,1,8,CellTypist
0.6014955197831874,0.5820560534750903,HLCA,1,8,CellTypist
0.6255475821713854,0.6107089166466562,HLCA,1,8,CellTypist
0.5876905733795366,0.5614027158350743,HLCA,1,8,CellTypist
0.6326162951738512,0.621190020001275,HLCA,1,8,CellTypist
0.6130656511989576,0.6066006380576702,HLCA,1,8,CellTypist
0.6647368216908034,0.6571132022342371,HLCA,1,8,CellTypist
0.622575568450882,0.614510521334019,HLCA,1,8,CellTypist
0.8704115605298576,0.8721450118508942,Immune,1,2,CellTypist
0.8704115605298576,0.8721450118508942,Immune,1,2,CellTypist
0.868392717999575,0.8701932697356038,Immune,1,2,CellTypist
0.8704115605298576,0.8721450118508942,Immune,1,2,CellTypist
0.868392717999575,0.8701932697356038,Immune,1,2,CellTypist
0.868392717999575,0.8701932697356038,Immune,1,2,CellTypist
0.8704115605298576,0.8721450118508942,Immune,1,2,CellTypist
0.868392717999575,0.8701932697356038,Immune,1,2,CellTypist
0.868392717999575,0.8701932697356038,Immune,1,2,CellTypist
0.868392717999575,0.8701932697356038,Immune,1,2,CellTypist
0.3737101839389861,0.2237313871346002,Immune,1,3,CellTypist
0.5796321220278151,0.4595059353213602,Immune,1,3,CellTypist
0.3337819650067294,0.1479034077151886,Immune,1,3,CellTypist
0.3422471986756183,0.1656078952068423,Immune,1,3,CellTypist
0.410887844705228,0.2822875917205225,Immune,1,3,CellTypist
0.5195154777927322,0.4083282159991699,Immune,1,3,CellTypist
0.3342305966801256,0.1497390313264006,Immune,1,3,CellTypist
0.3341718285544877,0.1488343493144004,Immune,1,3,CellTypist
0.3454463885150292,0.1717340942349773,Immune,1,3,CellTypist
0.3463436518618215,0.1735055320816781,Immune,1,3,CellTypist
0.2636672558994071,0.1238932554779789,Immune,1,4,CellTypist
0.3540476352597562,0.2297591011977139,Immune,1,4,CellTypist
0.25,0.0937779100922893,Immune,1,4,CellTypist
0.2503364737550471,0.0944916748977,Immune,1,4,CellTypist
0.2503364737550471,0.0948727372789453,Immune,1,4,CellTypist
0.25,0.0933609958506224,Immune,1,4,CellTypist
0.2773336855027905,0.1439163062947795,Immune,1,4,CellTypist
0.2708418332653339,0.1346418858264588,Immune,1,4,CellTypist
0.2960969044414536,0.1733935804800613,Immune,1,4,CellTypist
0.2510094212651413,0.0960110527396237,Immune,1,4,CellTypist
0.3331330786196758,0.2408432398472207,Immune,1,5,CellTypist
0.2786431220858874,0.1874448043434053,Immune,1,5,CellTypist
0.2358637526155345,0.1323212180955958,Immune,1,5,CellTypist
0.2118144922311731,0.089723477738121,Immune,1,5,CellTypist
0.2419059508098493,0.1385265268783767,Immune,1,5,CellTypist
0.3265957553143664,0.2539821360915503,Immune,1,5,CellTypist
0.2706473886844048,0.1815866709799309,Immune,1,5,CellTypist
0.2622523480869377,0.1653590817960634,Immune,1,5,CellTypist
0.3362813694659422,0.2576268037168001,Immune,1,5,CellTypist
0.2668289491350565,0.1707221601778659,Immune,1,5,CellTypist
0.2711907477378224,0.2018141865264851,Immune,1,6,CellTypist
0.2254749223785291,0.1437807059096736,Immune,1,6,CellTypist
0.2865830098551536,0.2117907979714043,Immune,1,6,CellTypist
0.3944017642685555,0.3464003710889965,Immune,1,6,CellTypist
0.2318474144867039,0.1620242518205727,Immune,1,6,CellTypist
0.2637514006157664,0.2070299429030393,Immune,1,6,CellTypist
0.2656257732610518,0.2062052422017041,Immune,1,6,CellTypist
0.2262879253561608,0.1480787501787744,Immune,1,6,CellTypist
0.2603595873609675,0.1756388975279188,Immune,1,6,CellTypist
0.3809932183131975,0.3139070162697085,Immune,1,6,CellTypist
0.2205670010716591,0.1561198834430419,Immune,1,7,CellTypist
0.2552518621596437,0.2042437457685921,Immune,1,7,CellTypist
0.2055963285697521,0.1382499674517351,Immune,1,7,CellTypist
0.2587217893686572,0.1982063739158269,Immune,1,7,CellTypist
0.21120622691511,0.1433280591786148,Immune,1,7,CellTypist
0.1962905580831659,0.1288265451163624,Immune,1,7,CellTypist
0.237845176733809,0.1715651782574545,Immune,1,7,CellTypist
0.3582165877903258,0.2863112001804279,Immune,1,7,CellTypist
0.2199774016364741,0.1559670367102148,Immune,1,7,CellTypist
0.3468920503318815,0.2986175980158318,Immune,1,7,CellTypist
0.2900155788460082,0.2464318107504998,Immune,1,8,CellTypist
0.2401447644061297,0.1767489820051822,Immune,1,8,CellTypist
0.2184150374934568,0.1448235658749318,Immune,1,8,CellTypist
0.1779743209285073,0.1232240469233692,Immune,1,8,CellTypist
0.2266557164807059,0.1752367413475281,Immune,1,8,CellTypist
0.319514340079852,0.2859194370611693,Immune,1,8,CellTypist
0.2686222319524907,0.2079071001024107,Immune,1,8,CellTypist
0.2007981525134534,0.1530428282068461,Immune,1,8,CellTypist
0.1957569978191147,0.1480516379057259,Immune,1,8,CellTypist
0.2054340214297947,0.1609368096450512,Immune,1,8,CellTypist
